{
    "definitions": {
        "RegionTree": {
            "type": "object",
            "properties": {
                "code": {
                    "type": "string",
                    "description": "市编号"
                },
                "name": {
                    "type": "string",
                    "description": "名称"
                },
                "subRegionList":{
                    "type":"array",
                    "description":"子区域",
                    "items":{
                        "$ref":"#/definitions/RegionTree"
                    }
                }
            }
        }
    }
}
