{
    "swagger": "2.0",
    "paths": {
        "/payments/electric/search": {
            "post": {
                "summary": "缴电费流水查询接口",
                "tags": ["Payments"],
                "parameters": [
                    {
                        "$ref": "#/definitions/Token"
                    },
                    {
                        "in": "body",
                        "name": "body",
                        "description": "分页和查询条件",
                        "required": true,
                        "schema": {
                            "type": "object",
                            "properties": {
                                "paging": {
                                    "$ref": "#/definitions/Paging"
                                },
                                "condition": {
                                    "type": "object",
                                    "description": "查询条件",
                                    "properties": {
                                        "station": {
                                            "type": "string",
                                            "description": "服务站名称"
                                        },
                                        "stationCode": {
                                            "type": "string",
                                            "description": "服务站编码"
                                        },
                                        "agentName": {
                                            "type": "string",
                                            "description": "代办员姓名"
                                        },
                                        "agentPhone": {
                                            "type": "string",
                                            "description": "联系电话"
                                        },
                                        "orderNumber": {
                                            "type": "string",
                                            "description": "订单号"
                                        },
                                        "paymentAccount": {
                                            "type": "string",
                                            "description": "缴费账号"
                                        },
                                        "paymentTimeStart": {
                                            "type": "string",
                                            "description": "缴费时间开始"
                                        },
                                        "paymentTimeEnd": {
                                            "type": "string",
                                            "description": "缴费时间结束"
                                        }
                                    }
                                }
                            }
                        }
                    }
                ],
                "responses": {
                    "200": {
                        "description": "查询成功",
                        "schema": {
                            "type": "object",
                            "properties": {
                                "msg": {
                                    "type": "string",
                                    "description": "成功信息"
                                },
                                "code": {
                                    "type": "string",
                                    "description": "成功编码 0",
                                    "required": true
                                },
                                "data": {
                                    "type": "object",
                                    "properties": {
                                        "paging": {
                                            "$ref": "#/definitions/ResponsePaging"
                                        },
                                        "itemList": {
                                            "type": "array",
                                            "items": {
                                                "$ref": "#/definitions/paymentdElectricityItem"
                                            }
                                        }
                                    }
                                }
                            }
                        }
                    }
                }
            }
        },
        "/payments/phone/search": {
            "post": {
                "summary": "缴话费流水查询接口",
                "tags": ["Payments"],
                "parameters": [
                    {
                        "$ref": "#/definitions/Token"
                    },
                    {
                        "in": "body",
                        "name": "body",
                        "description": "分页和查询条件",
                        "required": true,
                        "schema": {
                            "type": "object",
                            "properties": {
                                "paging": {
                                    "$ref": "#/definitions/Paging"
                                },
                                "condition": {
                                    "type": "object",
                                    "description": "查询条件",
                                    "properties": {
                                        "station": {
                                            "type": "string",
                                            "description": "服务站名称"
                                        },
                                        "stationCode": {
                                            "type": "string",
                                            "description": "服务站编码"
                                        },
                                        "agentName": {
                                            "type": "string",
                                            "description": "代办员姓名"
                                        },
                                        "agentPhone": {
                                            "type": "string",
                                            "description": "联系电话"
                                        },
                                        "orderNumber": {
                                            "type": "string",
                                            "description": "订单号"
                                        },
                                        "paymentAccount": {
                                            "type": "string",
                                            "description": "缴费账号"
                                        },
                                        "paymentTimeStart": {
                                            "type": "string",
                                            "description": "缴费时间开始"
                                        },
                                        "paymentTimeEnd": {
                                            "type": "string",
                                            "description": "缴费时间结束"
                                        }
                                    }
                                }
                            }
                        }
                    }
                ],
                "responses": {
                    "200": {
                        "description": "查询成功",
                        "schema": {
                            "type": "object",
                            "properties": {
                                "msg": {
                                    "type": "string",
                                    "description": "成功信息"
                                },
                                "code": {
                                    "type": "string",
                                    "description": "成功编码 0",
                                    "required": true
                                },
                                "data": {
                                    "type": "object",
                                    "properties": {
                                        "paging": {
                                            "$ref": "#/definitions/ResponsePaging"
                                        },
                                        "itemList": {
                                            "type": "array",
                                            "items": {
                                                "$ref": "#/definitions/paymentdPhoneItem"
                                            }
                                        }
                                    }
                                }
                            }
                        }
                    }
                }
            }
        },
        "/payments/card/search": {
            "post": {
                "summary": "卡业务回款查询接口",
                "tags": ["Payments"],
                "parameters": [
                    {
                        "$ref": "#/definitions/Token"
                    },
                    {
                        "in": "body",
                        "name": "body",
                        "description": "分页和查询条件",
                        "required": true,
                        "schema": {
                            "type": "object",
                            "properties": {
                                "paging": {
                                    "$ref": "#/definitions/Paging"
                                },
                                "condition": {
                                    "type": "object",
                                    "description": "查询条件",
                                    "properties": {
                                        "region": {
                                            "type": "object",
                                            "properties": {
                                                "cityCode": {
                                                    "type": "string",
                                                    "description": "市州code"
                                                },
                                                "districtCode": {
                                                    "type": "string",
                                                    "description": "区县code"
                                                },
                                                "townCode": {
                                                    "type": "string",
                                                    "description": "乡镇code"
                                                }
                                            }
                                        },
                                        "station": {
                                            "type": "string",
                                            "description": "服务站名称"
                                        },
                                        "agentName": {
                                            "type": "string",
                                            "description": "代办员姓名"
                                        },
                                        "agentsCertificate": {
                                            "type": "string",
                                            "description": "身份证号"
                                        },
                                        "phoneNumber": {
                                            "type": "string",
                                            "description": "联系电话"
                                        },
                                        "paymentTimeStart": {
                                            "type": "string",
                                            "description": "转账时间开始"
                                        },
                                        "paymentTimeEnd": {
                                            "type": "string",
                                            "description": "转账时间结束"
                                        }
                                    }
                                }
                            }
                        }
                    }
                ],
                "responses": {
                    "200": {
                        "description": "查询成功",
                        "schema": {
                            "type": "object",
                            "properties": {
                                "msg": {
                                    "type": "string",
                                    "description": "成功信息"
                                },
                                "code": {
                                    "type": "string",
                                    "description": "成功编码 0",
                                    "required": true
                                },
                                "data": {
                                    "type": "object",
                                    "properties": {
                                        "paging": {
                                            "$ref": "#/definitions/ResponsePaging"
                                        },
                                        "itemList": {
                                            "type": "array",
                                            "items": {
                                                "$ref": "#/definitions/paymentsCardItem"
                                            }
                                        }
                                    }
                                }
                            }
                        }
                    }
                }
            }
        },
        "/payments/reconciliation/search": {
            "post": {
                "summary": "缴费对账查询接口",
                "tags": ["Payments"],
                "parameters": [
                    {
                        "$ref": "#/definitions/Token"
                    },
                    {
                        "in": "body",
                        "name": "body",
                        "description": "分页和查询条件",
                        "required": true,
                        "schema": {
                            "type": "object",
                            "properties": {
                                "paging": {
                                    "$ref": "#/definitions/Paging"
                                },
                                "condition": {
                                    "type": "object",
                                    "description": "查询条件",
                                    "properties": {
                                        "region": {
                                            "type": "object",
                                            "properties": {
                                                "cityCode": {
                                                    "type": "string",
                                                    "description": "市州code"
                                                },
                                                "districtCode": {
                                                    "type": "string",
                                                    "description": "区县code"
                                                },
                                                "townCode": {
                                                    "type": "string",
                                                    "description": "乡镇code"
                                                },
                                                "villageCode": {
                                                    "type": "string",
                                                    "description": "村code"
                                                }
                                            }
                                        },
                                        "station": {
                                            "type": "string",
                                            "description": "服务站名称"
                                        },
                                        "stationCode": {
                                            "type": "string",
                                            "description": "站点编号"
                                        },
                                        "agentName": {
                                            "type": "string",
                                            "description": "代办员姓名"
                                        },
                                        "agentsCertificate": {
                                            "type": "string",
                                            "description": "身份证号"
                                        },
                                        "phoneNumber": {
                                            "type": "string",
                                            "description": "联系电话"
                                        },
                                        "paymentTimeStart": {
                                            "type": "string",
                                            "description": "转账时间开始"
                                        },
                                        "paymentTimeEnd": {
                                            "type": "string",
                                            "description": "转账时间结束"
                                        }
                                    }
                                }
                            }
                        }
                    }
                ],
                "responses": {
                    "200": {
                        "description": "查询成功",
                        "schema": {
                            "type": "object",
                            "properties": {
                                "msg": {
                                    "type": "string",
                                    "description": "成功信息"
                                },
                                "code": {
                                    "type": "string",
                                    "description": "成功编码 0",
                                    "required": true
                                },
                                "data": {
                                    "type": "object",
                                    "properties": {
                                        "paging": {
                                            "$ref": "#/definitions/ResponsePaging"
                                        },
                                        "itemList": {
                                            "type": "array",
                                            "items": {
                                                "$ref": "#/definitions/paymentsReconciliationItem"
                                            }
                                        }
                                    }
                                }
                            }
                        }
                    }
                }
            }
        },
        "/payments/export": {
            "get": {
                "summary": "明细导出接口（直接下载Excel文件 包含条件下所有回款明细）",
                "tags": ["Payments"],
                "parameters": [
                    {
                        "$ref": "#/definitions/Token"
                    },
                    {
                        "in": "query",
                        "name": "query",
                        "description": "条件",
                        "required": true,
                        "schema": {
                            "type": "object",
                            "properties": {
                                "region": {
                                    "type": "object",
                                    "properties": {
                                        "cityCode": {
                                            "type": "string",
                                            "description": "市州code"
                                        },
                                        "districtCode": {
                                            "type": "string",
                                            "description": "区县code"
                                        },
                                        "townCode": {
                                            "type": "string",
                                            "description": "乡镇code"
                                        }
                                    }
                                },
                                "stationName": {
                                    "type": "string",
                                    "description": "服务站名称"
                                },
                                "agentsName": {
                                    "type": "string",
                                    "description": "代办员姓名"
                                },
                                "agentsCertificate": {
                                    "type": "string",
                                    "description": "身份证号"
                                },
                                "agentsTel": {
                                    "type": "string",
                                    "description": "联系电话"
                                },
                                "paymentTimeStart": {
                                    "type": "string",
                                    "description": "查询开始时间"
                                },
                                "paymentTimeEnd": {
                                    "type": "string",
                                    "description": "查询结束时间"
                                }
                            }
                        }
                    }
                ],
                "responses": {
                    "200": {
                        "description": "查询成功"
                    }
                }
            }
        },
        "/EPpayments/export": {
            "get": {
                "summary": "明细导出接口（直接下载Excel文件 包含条件下所有回款明细）",
                "tags": ["Payments"],
                "parameters": [
                    {
                        "$ref": "#/definitions/Token"
                    },
                    {
                        "in": "query",
                        "name": "query",
                        "description": "条件",
                        "required": true,
                        "schema": {
                            "type": "object",
                            "properties": {
                                "stationName": {
                                    "type": "string",
                                    "description": "服务站名称"
                                },
                                "stationCode": {
                                    "type": "string",
                                    "description": "服务站编码"
                                },
                                "agentsName": {
                                    "type": "string",
                                    "description": "代办员姓名"
                                },
                                "phoneNumber": {
                                    "type": "string",
                                    "description": "联系电话"
                                },
                                "paymentAccount": {
                                    "type": "string",
                                    "description": "缴费账号"
                                },
                                "orderNumber": {
                                    "type": "string",
                                    "description": "缴费订单号"
                                },
                                "paymentTimeStart": {
                                    "type": "string",
                                    "description": "查询开始时间"
                                },
                                "paymentTimeEnd": {
                                    "type": "string",
                                    "description": "查询结束时间"
                                },
                                "type": {
                                    "type": "number",
                                    "description": "查询类型：1电费，2话费"
                                }
                            }
                        }
                    }
                ],
                "responses": {
                    "200": {
                        "description": "查询成功"
                    }
                }
            }
        }
    }
}
