{
  "swagger": "2.0",
  "paths": {
    "/plantplan/search": {
      "post": {
        "summary": "种植/养殖计划查询接口",
        "tags": ["FarmerManage"],
        "parameters": [{
            "$ref": "#/definitions/Token"
          },
          {
            "in": "body",
            "name": "body",
            "description": "分页和查询条件",
            "required": true,
            "schema": {
              "type": "object",
              "properties": {
                "paging": {
                  "$ref": "#/definitions/Paging"
                },
                "condition": {
                  "type": "object",
                  "description": "查询条件",
                  "properties": {
                    "region": {
                      "type": "object",
                      "properties": {
                        "cityCode": {
                          "type": "string",
                          "description": "市州code"
                        },
                        "districtCode": {
                          "type": "string",
                          "description": "区县code"
                        },
                        "townCode": {
                          "type": "string",
                          "description": "乡镇code"
                        },
                        "villageCode": {
                            "type": "string",
                            "description": "村code"
                        }
                      }
                    },
                    "stationName": {
                      "type": "string",
                      "description": "服务站名称"
                    },
                    "stationCode": {
                      "type": "string",
                      "description": "站点编号"
                    },
                    "farmerName": {
                      "type": "string",
                      "description": "农户名称"
                    },
                    "year": {
                      "type": "number",
                      "description": "计划年份"
                    },
                    "phone": {
                      "type": "string",
                      "description": "联系电话"
                    },
                    "status": {
                      "type": "number",
                      "description": "签约状态：0-未签约，1-已签约，2-全部状态"
                    },
                    "startTime": {
                      "type": "string",
                      "description": "创建开始时间"
                    },
                    "endTime": {
                      "type": "string",
                      "description": "创建结束时间"
                    },
                    "unit": {
                        "type": "string",
                        "description": "商品单位"
                    }
                  }
                }
              }
            }
          }
        ],
        "responses": {
          "200": {
            "description": "查询成功",
            "schema": {
              "type": "object",
              "properties": {
                "msg": {
                  "type": "string",
                  "description": "成功信息"
                },
                "code": {
                  "type": "string",
                  "description": "成功编码 0",
                  "required": true
                },
                "data": {
                  "type": "object",
                  "properties": {
                    "paging": {
                      "$ref": "#/definitions/ResponsePaging"
                    },
                    "itemList": {
                      "type": "array",
                      "items": {
                        "$ref": "#/definitions/plantplanItem"
                      }
                    }
                  }
                }
              }
            }
          }
        }
      }
    },
    "/plantplan/{plantplanId}": {
      "put": {
        "tags": ["FarmerManage"],
        "summary": "种植/养殖计划修改接口",
        "description": "种植/养殖计划修改接口",
        "parameters": [{
            "$ref": "#/definitions/Token"
          },
          {
            "in": "path",
            "name": "id",
            "required": true,
            "type": "integer",
            "description": "种植计划Id"
          },
          {
            "in": "body",
            "name": "body",
            "description": "修改信息",
            "required": true,
            "schema": {
              "type": "object",
              "properties": {
                "id": {
                  "type": "number",
                  "description": " PlantingPlanID"
                },
                "estimatedOutput": {
                  "type": "number",
                  "description": "今年预计产量"
                },
                "harvestTime": {
                  "type": "string",
                  "description": "收成时间"
                },
                "preSignDate": {
                  "type": "string",
                  "description": "预计签约时间"
                },
                "isIntention": {
                  "type": "number",
                  "description": "是否意向：0-否，1-是"
                },
                "intentionNumber": {
                  "type": "number",
                  "description": "意向数量"
                },
                "lastSaleChannel": {
                  "type": "string",
                  "description": "去年销售渠道"
                },
                "lastyearPrice": {
                  "type": "number",
                  "description": "去年同期收购价格"
                },
                "plantArea": {
                  "type": "number",
                  "description": "种植养殖量"
                },
                "remark": {
                  "type": "string",
                  "description": "备注"
                }
              }
            }
          }
        ],
        "responses": {
          "200": {
            "description": "返回修改结果",
            "schema": {
              "type": "object",
              "properties": {
                "msg": {
                  "type": "string",
                  "description": "成功，失败"
                },
                "code": {
                  "type": "string",
                  "description": "成功编码 0",
                  "required": true
                }
              }
            }
          }
        }
      }
    },
    "/plantplan/search-export": {
      "post": {
        "summary": "导出种植/养殖计划接口",
        "tags": ["FarmerManage"],
        "parameters": [{
            "$ref": "#/definitions/Token"
          },
          {
            "in": "body",
            "name": "body",
            "description": "分页和查询条件",
            "required": true,
            "schema": {
              "type": "object",
              "properties": {
                "condition": {
                  "type": "object",
                  "description": "查询条件",
                  "properties": {
                    "region": {
                      "type": "object",
                      "properties": {
                        "cityCode": {
                          "type": "string",
                          "description": "市州code"
                        },
                        "districtCode": {
                          "type": "string",
                          "description": "区县code"
                        },
                        "townCode": {
                          "type": "string",
                          "description": "乡镇code"
                        },
                        "villageCode": {
                            "type": "string",
                            "description": "村code"
                        }
                      }
                    },
                    "stationName": {
                      "type": "string",
                      "description": "服务站名称"
                    },
                    "stationCode": {
                      "type": "string",
                      "description": "站点编号"
                    },
                    "farmerName": {
                      "type": "string",
                      "description": "农户名称"
                    },
                    "year": {
                      "type": "number",
                      "description": "计划年份"
                    },
                    "phone": {
                      "type": "string",
                      "description": "联系电话"
                    },
                    "status": {
                      "type": "number",
                      "description": "签约状态：0-未签约，1-已签约，2-全部状态"
                    },
                    "startTime": {
                      "type": "string",
                      "description": "创建开始时间"
                    },
                    "endTime": {
                      "type": "string",
                      "description": "创建结束时间"
                    }
                  }
              }
              }
            }
          }
        ],
        "responses": {
          "200": {
            "description": "查询成功",
            "schema": {
              "type": "object",
              "properties": {
                "msg": {
                  "type": "string",
                  "description": "成功信息"
                },
                "code": {
                  "type": "string",
                  "description": "成功编码 0",
                  "required": true
                },
                "data": {
                  "type": "string",
                  "description": "Key值"
                }
              }
            }
          }
        }
      }
    },
    "/farmer/search": {
      "post": {
        "summary": "农户信息查询接口",
        "tags": ["FarmerManage"],
        "parameters": [{
            "$ref": "#/definitions/Token"
          },
          {
            "in": "body",
            "name": "body",
            "description": "分页和查询条件",
            "required": true,
            "schema": {
              "type": "object",
              "properties": {
                "paging": {
                  "$ref": "#/definitions/Paging"
                },
                "condition": {
                  "type": "object",
                  "description": "查询条件",
                  "properties": {
                    "region": {
                      "type": "object",
                      "properties": {
                        "cityCode": {
                          "type": "string",
                          "description": "市州code"
                        },
                        "districtCode": {
                          "type": "string",
                          "description": "区县code"
                        },
                        "townCode": {
                          "type": "string",
                          "description": "乡镇code"
                        },
                        "villageCode": {
                            "type": "string",
                            "description": "村code"
                        }
                      }
                    },
                    "station": {
                      "type": "string",
                      "description": "服务站名称"
                    },
                    "stationCode": {
                      "type": "string",
                      "description": "站点编号"
                    },
                    "farmerName": {
                      "type": "string",
                      "description": "农户姓名"
                    },
                    "phone": {
                      "type": "string",
                      "description": "联系电话"
                    },
                    "planState": {
                      "type": "number",
                      "description": "计划状态：0-未建计划，1-已建计划，2-全部状态"
                    }
                  }
                }
              }
            }
          }
        ],
        "responses": {
          "200": {
            "description": "查询成功",
            "schema": {
              "type": "object",
              "properties": {
                "msg": {
                  "type": "string",
                  "description": "成功信息"
                },
                "code": {
                  "type": "string",
                  "description": "成功编码 0",
                  "required": true
                },
                "data": {
                  "type": "object",
                  "properties": {
                    "paging": {
                      "$ref": "#/definitions/ResponsePaging"
                    },
                    "itemList": {
                      "type": "array",
                      "items": {
                        "$ref": "#/definitions/farmerItem"
                      }
                    }
                  }
                }
              }
            }
          }
        }
      }
    },
    "/farmer/search-export": {
      "post": {
        "summary": "导出农户信息接口",
        "tags": ["FarmerManage"],
        "parameters": [{
            "$ref": "#/definitions/Token"
          },
          {
            "in": "body",
            "name": "body",
            "description": "分页和查询条件",
            "required": true,
            "schema": {
              "type": "object",
              "properties": {
                "condition": {
                  "type": "object",
                  "description": "查询条件",
                  "properties": {
                    "region": {
                      "type": "object",
                      "properties": {
                        "cityCode": {
                          "type": "string",
                          "description": "市州code"
                        },
                        "districtCode": {
                          "type": "string",
                          "description": "区县code"
                        },
                        "townCode": {
                          "type": "string",
                          "description": "乡镇code"
                        },
                        "villageCode": {
                            "type": "string",
                            "description": "村code"
                        }
                      }
                    },
                    "station": {
                      "type": "string",
                      "description": "服务站名称"
                    },
                    "stationCode": {
                      "type": "string",
                      "description": "站点编号"
                    },
                    "farmerName": {
                      "type": "string",
                      "description": "农户姓名"
                    },
                    "phone": {
                      "type": "string",
                      "description": "联系电话"
                    },
                    "planState": {
                      "type": "number",
                      "description": "计划状态：0-未建计划，1-已建计划，2-全部状态"
                    }
                  }
                }
              }
            }
          }
        ],
        "responses": {
          "200": {
            "description": "查询成功",
            "schema": {
              "type": "object",
              "properties": {
                "msg": {
                  "type": "string",
                  "description": "成功信息"
                },
                "code": {
                  "type": "string",
                  "description": "成功编码 0",
                  "required": true
                },
                "data": {
                  "type": "string",
                  "description": "Key值"
                }
              }
            }
          }
        }
      }
    }
  }
}
