{
  "swagger": "2.0",
  "paths": {
    "/Remittance/export": {
      "post": {
        "summary": "待回款列表导出接口",
        "tags": [
          "Standbyfund"
        ],
        "parameters": [
          {
            "$ref": "#/definitions/Token"
          },
          {
            "in": "body",
            "name": "body",
            "description": "导出条件",
            "required": true,
            "schema": {
              "type": "object",
              "properties": {
                "condition": {
                  "type": "object",
                  "description": "导出条件",
                  "properties": {
                    "name": {
                      "type": "string",
                      "description": "姓名"
                    },
                    "phone": {
                      "type": "string",
                      "description": "联系电话"
                    },
                    "orderNumber": {
                      "type": "string",
                      "description": "订单号"
                    },
                    "startTime": {
                      "type": "string",
                      "description": "创建时间从"
                    },
                    "endTime": {
                      "type": "string",
                      "description": "创建时间至"
                    },
                    "createTimeTo": {
                      "type": "string",
                      "description": "状态 汇款成功(1)、会款失败(-1)、创建订单(2) 全部状态(null)"
                    }
                  }
                }
              }
            }
          }
        ],
        "responses": {
          "200": {
            "description": "导出成功",
            "schema": {
              "type": "object",
              "properties": {
                "msg": {
                  "type": "string",
                  "description": "成功信息"
                },
                "code": {
                  "type": "string",
                  "description": "成功编码 0",
                  "required": true
                },
                "data": {
                  "type": "object",
                  "properties": {
                    "exportUrl": {
                      "type": "string",
                      "description": "导出链接"
                    }
                  }
                }
              }
            }
          }
        }
      }
    }
  }
}