{
    "definitions": {
        "paymentsCardItem": {
            "type": "object",
            "description": "卡业务回款流水",
            "properties": {
                "region": {
                    "$ref": "#/definitions/Region"
                },
                "flowId": {
                    "type": "number",
                    "description": "卡业务回款流水ID"
                },
                "agentId": {
                    "type": "number",
                    "description": "代办员工ID"
                },
                "station": {
                    "type": "string",
                    "description": "服务站名称"
                },
                "stationCode": {
                    "type": "string",
                    "description": "站点编号"
                },
                "stationAddress": {
                    "type": "string",
                    "description": "服务站地址"
                },
                "type": {
                    "type": "string",
                    "description": "合作模式"
                },
                "agentName": {
                    "type": "string",
                    "description": "代办员姓名"
                },
                "agentPhone": {
                    "type": "string",
                    "description": "联系电话"
                },
                "agentsCertificate": {
                    "type": "string",
                    "description": "身份证号"
                },
                "cardPhone": {
                    "type": "string",
                    "description": "卡号"
                },
                "bankCode": {
                    "type": "string",
                    "description": "银行行号"
                },
                "bankName": {
                    "type": "string",
                    "description": "开户银行"
                },
                "paymentAmount": {
                    "type": "number",
                    "description": "卡业务额"
                },
                "paymentTime": {
                    "type": "string",
                    "description": "日期"
                }
            }
        }
    }
}
