{
    "definitions": {
        "paymentdPhoneItem": {
            "type": "object",
            "description": "缴话费流水",
            "properties": {
                "flowId": {
                    "type": "number",
                    "description": "缴话费流水ID"
                },
                "agentId": {
                    "type": "number",
                    "description": "代办员工ID"
                },
                "orderNumber": {
                    "type": "string",
                    "description": "订单号"
                },
                "orderAmount": {
                    "type": "number",
                    "description": "订单金额"
                },
                "paymentAccount": {
                    "type": "string",
                    "description": "缴费账号"
                },
                "status": {
                    "type": "number",
                    "description": "缴费状态, 0缴费失败， 1创建，2已支付未缴费，3缴费成功"
                },
                "station": {
                    "type": "string",
                    "description": "服务站名称"
                },
                "stationCode": {
                    "type": "string",
                    "description": "站点编号"
                },
                "stationAddress": {
                    "type": "string",
                    "description": "服务站地址"
                },
                "agentName": {
                    "type": "string",
                    "description": "代办员姓名"
                },
                "agentPhone": {
                    "type": "string",
                    "description": "联系电话"
                },
                "createTime": {
                    "type": "string",
                    "description": "创建时间"
                },
                "updateTime": {
                    "type": "string",
                    "description": "更新时间"
                }
            }
        }
    }
}
