{
    "definitions": {
        "feedbackItem": {
            "type": "object",
            "description": "Feedback列表",
            "properties": {
                "id": {
                    "type": "number",
                    "description": "意见反馈id"
                },
                "name": {
                    "type": "string",
                    "description": "标题"
                },
                "url": {
                    "type": "string",
                    "description": "链接地址"
                },
                "sortNum": {
                    "type": "number",
                    "description": "排序"
                },
                "status": {
                    "type": "number",
                    "description": "状态 0、禁用；1、启用"
                }
            }
        }
    }
}
