{
    "definitions": {
        "turnoversFlowItem": {
            "type": "object",
            "description": "营业额流水",
            "properties": {
                "region": {
                    "$ref": "#/definitions/Region"
                },
                "flowId": {
                    "type": "number",
                    "description": "营业额流水ID"
                },
                "agentId": {
                    "type": "number",
                    "description": "代办员工ID"
                },
                "station": {
                    "type": "string",
                    "description": "服务站名称"
                },
                "stationCode": {
                    "type": "string",
                    "description": "站点编号"
                },
                "stationAddress": {
                    "type": "string",
                    "description": "服务站地址"
                },
                "workModel": {
                    "type": "string",
                    "description": "合作模式，如：代办员"
                },
                "agentName": {
                    "type": "string",
                    "description": "代办员姓名"
                },
                "agentPhone": {
                    "type": "string",
                    "description": "代办员电话"
                },
                "idCard": {
                    "type": "string",
                    "description": "身份证号"
                },
                "bankCard": {
                    "type": "string",
                    "description": "银行卡号"
                },
                "bankNo": {
                    "type": "string",
                    "description": "银行行号"
                },
                "bankName": {
                    "type": "string",
                    "description": "银行名称"
                },
                "paymentTime": {
                    "type": "string",
                    "description": "转账时间"
                },
                "paymentAmount": {
                    "type": "number",
                    "description": "转账金额"
                },
              "turnoverUser": {
                "type": "number",
                "description": "回款人"
              },
              "turnoverAmount": {
                "type": "number",
                "description": "回款金额"
              }
            }
        }
    }
}
