{
    "definitions": {
        "qnaItem": {
            "type": "object",
            "description": "QNA列表",
            "properties": {
                "id": {
                    "type": "number",
                    "description": "常见问题id"
                },
                "title": {
                    "type": "string",
                    "description": "问题描述"
                },
                "answer": {
                    "type": "string",
                    "description": "解答内容"
                },
                "ordinal": {
                    "type": "number",
                    "description": "排序"
                },
                "status": {
                    "type": "number",
                    "description": "状态 0、禁用；1、启用"
                }
            }
        }
    }
}
