{
    "swagger": "2.0",
    "paths": {
        "/wages/search": {
            "post": {
                "summary": "工资查询接口",
                "tags": ["Wages"],
                "parameters": [
                    {
                        "$ref": "#/definitions/Token"
                    },
                    {
                        "in": "body",
                        "name": "body",
                        "description": "分页和查询条件",
                        "required": true,
                        "schema": {
                            "type": "object",
                            "properties": {
                                "paging": {
                                    "$ref": "#/definitions/Paging"
                                },
                                "condition": {
                                    "type": "object",
                                    "description": "查询条件",
                                    "properties": {
                                        "approvalState": {
                                            "type": "number",
                                            "description": "工资审批状态，0未提交审批，1待审批，2审批通过，3审批失败"
                                        }
                                    }
                                }
                            }
                        }
                    }
                ],
                "responses": {
                    "200": {
                        "description": "查询成功",
                        "schema": {
                            "type": "object",
                            "properties": {
                                "msg": {
                                    "type": "string",
                                    "description": "成功信息"
                                },
                                "code": {
                                    "type": "string",
                                    "description": "成功编码 0",
                                    "required": true
                                },
                                "data": {
                                    "type": "object",
                                    "properties": {
                                        "paging": {
                                            "$ref": "#/definitions/ResponsePaging"
                                        },
                                        "itemList": {
                                            "type": "array",
                                            "items": {
                                                "$ref": "#/definitions/wagesItem"
                                            }
                                        }
                                    }
                                }
                            }
                        }
                    }
                }
            }
        },
        "/wages/approval-submission": {
            "post": {
                "tags": ["Wages"],
                "summary":"提交审批，状态0->1",
                "description": "根据请求修改审批状态",
                "parameters":[
                    {
                        "$ref": "#/definitions/Token"
                    },
                    {
                        "in": "body",
                        "name": "body",
                        "description": "工资ID",
                        "required": true,
                        "schema": {
                            "type": "object",
                            "properties": {
                                "wagesIds": {
                                    "type": "array",
                                    "description": "工资ID数组，单个或多个",
                                    "items": {
                                        "type": "number"
                                    }
                                }
                            }
                        }
                    }
                ],
                "responses":{
                    "200":{
                        "description":"返回修改结果",
                        "schema":{
                            "type":"object",
                            "properties":{
                                "msg": {
                                    "type": "string",
                                    "description": "成功，失败"
                                },
                                "code": {
                                    "type": "string",
                                    "description": "成功编码 0",
                                    "required": true
                                }
                            }
                        }
                    }
                }
            }
        },
        "/wages/approval-clean": {
            "post": {
                "tags": ["Wages"],
                "summary":"清除审批，状态0->4",
                "description": "根据请求修改审批状态",
                "parameters":[
                    {
                        "$ref": "#/definitions/Token"
                    },
                    {
                        "in": "body",
                        "name": "body",
                        "description": "工资ID",
                        "required": true,
                        "schema": {
                            "type": "object",
                            "properties": {
                                "wagesIds": {
                                    "type": "array",
                                    "description": "工资ID数组，单个或多个",
                                    "items": {
                                        "type": "number"
                                    }
                                }
                            }
                        }
                    }
                ],
                "responses":{
                    "200":{
                        "description":"返回修改结果",
                        "schema":{
                            "type":"object",
                            "properties":{
                                "msg": {
                                    "type": "string",
                                    "description": "成功，失败"
                                },
                                "code": {
                                    "type": "string",
                                    "description": "成功编码 0",
                                    "required": true
                                }
                            }
                        }
                    }
                }
            }
        },
        "/wages/approval-cancellation": {
            "post": {
                "tags": ["Wages"],
                "summary":"撤销审批，状态1->0",
                "description": "根据请求修改审批状态",
                "parameters":[
                    {
                        "$ref": "#/definitions/Token"
                    },
                    {
                        "in": "body",
                        "name": "body",
                        "description": "工资ID",
                        "required": true,
                        "schema": {
                            "type": "object",
                            "properties": {
                                "wagesIds": {
                                    "type": "array",
                                    "description": "工资ID数组，单个或多个",
                                    "items": {
                                        "type": "number"
                                    }
                                }
                            }
                        }
                    }
                ],
                "responses":{
                    "200":{
                        "description":"返回修改结果",
                        "schema":{
                            "type":"object",
                            "properties":{
                                "msg": {
                                    "type": "string",
                                    "description": "成功，失败"
                                },
                                "code": {
                                    "type": "string",
                                    "description": "成功编码 0",
                                    "required": true
                                }
                            }
                        }
                    }
                }
            }
        },
        "/wages/approval-done": {
            "post": {
                "tags": ["Wages"],
                "summary":"审批通过，状态1->2",
                "description": "根据请求修改审批状态",
                "parameters":[
                    {
                        "$ref": "#/definitions/Token"
                    },
                    {
                        "in": "body",
                        "name": "body",
                        "description": "工资ID",
                        "required": true,
                        "schema": {
                            "type": "object",
                            "properties": {
                                "wagesIds": {
                                    "type": "array",
                                    "description": "工资ID数组，单个或多个",
                                    "items": {
                                        "type": "number"
                                    }
                                }
                            }
                        }
                    }
                ],
                "responses":{
                    "200":{
                        "description":"返回修改结果",
                        "schema":{
                            "type":"object",
                            "properties":{
                                "msg": {
                                    "type": "string",
                                    "description": "成功，失败"
                                },
                                "code": {
                                    "type": "string",
                                    "description": "成功编码 0",
                                    "required": true
                                }
                            }
                        }
                    }
                }
            }
        },
        "/wages/approval-reject": {
            "post": {
                "tags": ["Wages"],
                "summary":"驳回审批，状态1->3",
                "description": "根据请求修改审批状态",
                "parameters":[
                    {
                        "$ref": "#/definitions/Token"
                    },
                    {
                        "in": "body",
                        "name": "body",
                        "description": "工资ID",
                        "required": true,
                        "schema": {
                            "type": "object",
                            "properties": {
                                "wagesIds": {
                                    "type": "array",
                                    "description": "工资ID数组，单个或多个",
                                    "items": {
                                        "type": "number"
                                    }
                                },
                                "reason": {
                                    "type": "string",
                                    "description": "驳回原因"
                                }
                            }
                        }
                    }
                ],
                "responses":{
                    "200":{
                        "description":"返回修改结果",
                        "schema":{
                            "type":"object",
                            "properties":{
                                "msg": {
                                    "type": "string",
                                    "description": "成功，失败"
                                },
                                "code": {
                                    "type": "string",
                                    "description": "成功编码 0",
                                    "required": true
                                }
                            }
                        }
                    }
                }
            }
        }
    }
}
