{
    "definitions": {
        "supplyItem": {
            "type": "object",
            "description": "补货单列表项",
            "properties": {
            	"orderNo": {
                    "type": "number",
                    "description": "申请单号"
                },               
                "cityName": {
                    "type": "string",
                    "description": "市"
                },          
                "districtName": {
                    "type": "string",
                    "description": "区/县"
                },          
                "townName": {
                    "type": "string",
                    "description": "镇"
                },       
                "villageName": {
                    "type": "string",
                    "description": "村"
                },                   
                "station": {
                    "type": "string",
                    "description": "服务站名称"
                },
                "stationCode": {
                    "type": "string",
                    "description": "站点编号"
                },
                "createUserName": {
                    "type": "string",
                    "description": "代办员姓名"
                },
                "phone": {
                    "type": "string",
                    "description": "代办员电话"
                },    
				"name":{ "type":"string","default":"商品名称" },
				"productCode":{ "type":"string","default":"商品编号" },
				"upc":{ "type":"string","default":"条码" },
				"spec":{ "type":"string","default":"规格" },
				"package":{ "type":"string","default":"包装量" },
				"unit":{ "type":"string","default":"单位" },
				"amount":{ "type":"Integer","default":"补货量" },
				"rest":{ "type":"Integer","default":"余量" },		
				"outAmout":{ "type":"Integer","default":"发货量" },
				"wantArrivalDate":{ "type":"string","default":"期望到货时间" },				
				"sendDateTime":{ "type":"string","default":"发货时间" },								
				"status":{ "type":"string","default":"子单状态（0：未提交1：已提交 。。。）" }				   
            }
        }
    }
}