{
    "swagger": "2.0",
    "paths": {
        "/cards/turnovers/search": {
            "post": {
                "summary": "卡业务回款流水查询接口",
                "tags": ["Cards"],
                "parameters": [
                    {
                        "$ref": "#/definitions/Token"
                    },
                    {
                        "in": "body",
                        "name": "body",
                        "description": "分页和查询条件",
                        "required": true,
                        "schema": {
                            "type": "object",
                            "properties": {
                                "paging": {
                                    "$ref": "#/definitions/Paging"
                                },
                                "condition": {
                                    "type": "object",
                                    "description": "查询条件",
                                    "properties": {
                                        "region": {
                                            "type": "object",
                                            "properties": {
                                                "cityCode": {
                                                    "type": "string",
                                                    "description": "市州code"
                                                },
                                                "districtCode": {
                                                    "type": "string",
                                                    "description": "区县code"
                                                },
                                                "townCode": {
                                                    "type": "string",
                                                    "description": "乡镇code"
                                                },
                                                "villageCode": {
                                                    "type": "string",
                                                    "description": "村code"
                                                }
                                            }
                                        },
                                        "station": {
                                            "type": "string",
                                            "description": "服务站名称"
                                        },
                                        "stationCode": {
                                            "type": "string",
                                            "description": "站点编号"
                                        },
                                        "agentName": {
                                            "type": "string",
                                            "description": "姓名"
                                        },
                                        "agentsCertificate": {
                                            "type": "string",
                                            "description": "身份证号"
                                        },
                                        "phoneNumber": {
                                            "type": "string",
                                            "description": "联系电话"
                                        },
                                        "paymentTimeStart": {
                                            "type": "string",
                                            "description": "转账时间开始"
                                        },
                                        "paymentTimeEnd": {
                                            "type": "string",
                                            "description": "转账时间结束"
                                        }
                                    }
                                }
                            }
                        }
                    }
                ],
                "responses": {
                    "200": {
                        "description": "查询成功",
                        "schema": {
                            "type": "object",
                            "properties": {
                                "msg": {
                                    "type": "string",
                                    "description": "成功信息"
                                },
                                "code": {
                                    "type": "string",
                                    "description": "成功编码 0",
                                    "required": true
                                },
                                "data": {
                                    "type": "object",
                                    "properties": {
                                        "paging": {
                                            "$ref": "#/definitions/ResponsePaging"
                                        },
                                        "itemList": {
                                            "type": "array",
                                            "items": {
                                                "$ref": "#/definitions/cardsTurnoverItem"
                                            }
                                        }
                                    }
                                }
                            }
                        }
                    }
                }
            }
        },
        "/cards/reconciliation/search": {
            "post": {
                "summary": "卡对账查询接口",
                "tags": ["Cards"],
                "parameters": [
                    {
                        "$ref": "#/definitions/Token"
                    },
                    {
                        "in": "body",
                        "name": "body",
                        "description": "分页和查询条件",
                        "required": true,
                        "schema": {
                            "type": "object",
                            "properties": {
                                "paging": {
                                    "$ref": "#/definitions/Paging"
                                },
                                "condition": {
                                    "type": "object",
                                    "description": "查询条件",
                                    "properties": {
                                        "region": {
                                            "type": "object",
                                            "properties": {
                                                "cityCode": {
                                                    "type": "string",
                                                    "description": "市州code"
                                                },
                                                "districtCode": {
                                                    "type": "string",
                                                    "description": "区县code"
                                                },
                                                "townCode": {
                                                    "type": "string",
                                                    "description": "乡镇code"
                                                },
                                                "villageCode": {
                                                    "type": "string",
                                                    "description": "村code"
                                                }
                                            }
                                        },
                                        "station": {
                                            "type": "string",
                                            "description": "服务站名称"
                                        },
                                        "stationCode": {
                                            "type": "string",
                                            "description": "站点编号"
                                        },
                                        "agentName": {
                                            "type": "string",
                                            "description": "代办员姓名"
                                        },
                                        "agentsCertificate": {
                                            "type": "string",
                                            "description": "身份证号"
                                        },
                                        "phoneNumber": {
                                            "type": "string",
                                            "description": "联系电话"
                                        },
                                        "paymentTimeStart": {
                                            "type": "string",
                                            "description": "转账时间开始"
                                        },
                                        "paymentTimeEnd": {
                                            "type": "string",
                                            "description": "转账时间结束"
                                        }
                                    }
                                }
                            }
                        }
                    }
                ],
                "responses": {
                    "200": {
                        "description": "查询成功",
                        "schema": {
                            "type": "object",
                            "properties": {
                                "msg": {
                                    "type": "string",
                                    "description": "成功信息"
                                },
                                "code": {
                                    "type": "string",
                                    "description": "成功编码 0",
                                    "required": true
                                },
                                "data": {
                                    "type": "object",
                                    "properties": {
                                        "paging": {
                                            "$ref": "#/definitions/ResponsePaging"
                                        },
                                        "itemList": {
                                            "type": "array",
                                            "items": {
                                                "$ref": "#/definitions/cardsReconciliationItem"
                                            }
                                        }
                                    }
                                }
                            }
                        }
                    }
                }
            }
        }
    }
}
