{
    "swagger": "2.0",
    "paths": {
        "/regions": {
            "get": {
                "tags": [
                    "Region"
                ],
                "summary": "获取所有区域数据",
                "parameters":[
                    {
                        "$ref": "#/definitions/Token"
                    }
                ],
                "responses":{
                    "200":{
                        "description":"树形结构区域数据",
                        "schema":{
                            "type":"object",
                            "properties":{
                                "msg": {
                                    "type": "string",
                                    "description": "成功信息"
                                },
                                "code": {
                                    "type": "string",
                                    "description": "成功编码 0",
                                    "required": true
                                },
                                "data":{
                                    "type":"array",
                                    "items": {
                                        "$ref":"#/definitions/RegionTree"
                                    }
                                }
                            }
                        }
                    }
                }
            }
        }
    }
}
