{
    "definitions": {
        "billItem": {
            "type": "object",
            "description": "账单详情",
            "properties": {
                "amount": {
                    "type": "number",
                    "description": "订单金额"
                },
                "status": {
                    "type": "number",
                    "description": "缴费状态, 0缴费失败， 1创建，2已支付未缴费，3缴费成功"
                },
                "paymentCompany": {
                    "type": "string",
                    "description": "缴费单位"
                },
                "paymentAccount": {
                    "type": "string",
                    "description": "缴费账号"
                },
                "orderNumber": {
                    "type": "string",
                    "description": "订单号"
                },
                "paymentTime": {
                    "type": "string",
                    "description": "交易时间"
                }
            }
        }
    }
}
