{
    "swagger": "2.0",
    "paths": {
        "/common/qna-search": {
            "post": {
                "summary": "常见问题查询接口",
                "tags": ["QNA"],
                "parameters": [
                    {
                        "$ref": "#/definitions/Token"
                    },
                    {
                        "in": "body",
                        "name": "body",
                        "description": "分页和查询条件",
                        "required": true,
                        "schema": {
                            "type": "object",
                            "properties": {
                                "paging": {
                                    "$ref": "#/definitions/Paging"
                                },
                                "condition": {
                                    "type": "object",
                                    "description": "查询条件",
                                    "properties": {
                                        "title": {
                                            "type": "string",
                                            "description": "标题"
                                        },
                                        "status": {
                                            "type": "number",
                                            "description": "状态 0、禁用；1、启用"
                                        }
                                    }
                                }
                            }
                        }
                    }
                ],
                "responses": {
                    "200": {
                        "description": "查询成功",
                        "schema": {
                            "type": "object",
                            "properties": {
                                "msg": {
                                    "type": "string",
                                    "description": "成功信息"
                                },
                                "code": {
                                    "type": "string",
                                    "description": "成功编码 0",
                                    "required": true
                                },
                                "data": {
                                    "type": "object",
                                    "properties": {
                                        "paging": {
                                            "$ref": "#/definitions/ResponsePaging"
                                        },
                                        "itemList": {
                                            "type": "array",
                                            "items": {
                                                "$ref": "#/definitions/qnaItem"
                                            }
                                        }
                                    }
                                }
                            }
                        }
                    }
                }
            }
        },
        "/common/qna-disable-enable": {
            "post": {
                "tags": ["QNA"],
                "summary":"常见问题禁用/启用接口",
                "description": "根据请求修改常见问题状态",
                "parameters":[
                    {
                        "$ref": "#/definitions/Token"
                    },
                    {
                        "in": "body",
                        "name": "body",
                        "description": "子公司ID",
                        "required": true,
                        "schema": {
                            "type": "object",
                            "properties": {
                                "status": {
                                    "type": "number",
                                    "description": "0、禁用；1、启用"
                                },
                                "id": {
                                    "type": "number",
                                    "description": "常见问题ID"
                                }
                            }
                        }
                    }
                ],
                "responses":{
                    "200":{
                        "description":"返回修改结果",
                        "schema":{
                            "type":"object",
                            "properties":{
                                "msg": {
                                    "type": "string",
                                    "description": "成功，失败"
                                },
                                "code": {
                                    "type": "string",
                                    "description": "成功编码 0",
                                    "required": true
                                }
                            }
                        }
                    }
                }
            }
        },
        "/common/qna-add": {
            "post": {
                "tags": ["QNA"],
                "summary":"常见问题增加接口",
                "description": "添加常见问题",
                "parameters":[
                    {
                        "$ref": "#/definitions/Token"
                    },
                    {
                        "in": "body",
                        "name": "body",
                        "description": "子公司ID",
                        "required": true,
                        "schema": {
                            "type": "object",
                            "properties": {
                                "title": {
                                    "type": "string",
                                    "description": "标题"
                                },
                                "answer": {
                                    "type": "string",
                                    "description": "链接地址"
                                },
                                "ordinal": {
                                    "type": "number",
                                    "description": "排序"
                                }
                            }
                        }
                    }
                ],
                "responses":{
                    "200":{
                        "description":"返回添加结果",
                        "schema":{
                            "type":"object",
                            "properties":{
                                "msg": {
                                    "type": "string",
                                    "description": "成功，失败"
                                },
                                "code": {
                                    "type": "string",
                                    "description": "成功编码 0",
                                    "required": true
                                }
                            }
                        }
                    }
                }
            }
        },
        "/common/qna/{id}": {
            "get": {
                "tags": ["QNA"],
                "summary":"常见问题获取详情接口",
                "description": "获取常见问题详情",
                "parameters":[
                    {
                        "$ref": "#/definitions/Token"
                    }
                ],
                "responses":{
                    "200":{
                        "description":"返回获取结果",
                        "schema":{
                            "type":"object",
                            "properties":{
                                "msg": {
                                    "type": "string",
                                    "description": "成功，失败"
                                },
                                "code": {
                                    "type": "string",
                                    "description": "成功编码 0",
                                    "required": true
                                },
                                "data": {
                                    "type": "object",
                                    "properties": {
                                        "id": {
                                            "type": "number",
                                            "description": "常见问题id"
                                        },
                                        "title": {
                                            "type": "string",
                                            "description": "问题描述"
                                        },
                                        "answer": {
                                            "type": "string",
                                            "description": "解答内容"
                                        },
                                        "ordinal": {
                                            "type": "number",
                                            "description": "排序"
                                        },
                                        "status": {
                                            "type": "number",
                                            "description": "状态 0、禁用；1、启用"
                                        }
                                    }
                                }
                            }
                        }
                    }
                }
            }
        },
        "/common/qna-edit": {
            "post": {
                "tags": ["QNA"],
                "summary":"常见问题编辑接口",
                "description": "修改常见问题",
                "parameters":[
                    {
                        "$ref": "#/definitions/Token"
                    },
                    {
                        "in": "body",
                        "name": "body",
                        "description": "子公司ID",
                        "required": true,
                        "schema": {
                            "type": "object",
                            "properties": {
                                "id": {
                                    "type": "string",
                                    "description": "常见问题ID"
                                },
                                "title": {
                                    "type": "string",
                                    "description": "常见问题描述"
                                },
                                "answer": {
                                    "type": "string",
                                    "description": "解答内容"
                                },
                                "ordinal": {
                                    "type": "number",
                                    "description": "排序"
                                }
                            }
                        }
                    }
                ],
                "responses":{
                    "200":{
                        "description":"返回修改结果",
                        "schema":{
                            "type":"object",
                            "properties":{
                                "msg": {
                                    "type": "string",
                                    "description": "成功，失败"
                                },
                                "code": {
                                    "type": "string",
                                    "description": "成功编码 0",
                                    "required": true
                                }
                            }
                        }
                    }
                }
            }
        }
    }
}